,mesh_name,chi0,H0,mu0,QF
0,N120_n4_R1_dr0.3_extended,3.00000,1.00000,100,1.00000
