,mesh_name,Ra,Pr,QPsi,QW,QT
0,N120_n0_R1_dr0,30000,10,1.20000,0.70000,1.20000
