,mesh_name,Ra,Pr,QPsi,QW,QT
0,N120_n3_R1_dr0.3,30000,10,1.20000,0.70000,1.20000
