,mesh_name,chi0,H0,mu0,QF
0,Computational/n0_N50-250-250-50,2.0000000,5.0000000,10000,0.9000000
