,mesh_name,chi0,H0,mu0,QF
0,N120_n0_R1_dr0,3.00000,5.00000,10000,1.00000
