result_name,mesh_name,nu
Computational/n0_N100-500-500-100/Ram_100000,Computational/n0_N100-500-500-100,43.001848312558174
Computational/n0_N50-250-250-50/Ram_100000,Computational/n0_N50-250-250-50,44.6468470847557
Computational/n0_N75-375-375-75/Ram_100000,Computational/n0_N75-375-375-75,43.67515447165297
Computational/n0_N150-600-600-150/Ram_100000,Computational/n0_N150-600-600-150,42.37282601995176
Computational/n0_N100-700-700-100/Ram_100000,Computational/n0_N100-700-700-100,42.15675021611309
