,mesh_name,chi0,H0,mu0,QF
0,Computational/n4_N100-600-600-100_dr_03,2.0000000,5.0000000,10000,0.9000000
