,mesh_name,chi0,H0,mu0,QF
0,Computational/n0_N100-500-500-100,2.00000,5.00000,10000,1.00000
